<?xml version="1.0" encoding="utf-8"?>
<!DOCTYPE hibernate-configuration PUBLIC
        "-//Hibernate/Hibernate Configuration DTD 3.0//EN"
        "http://hibernate.sourceforge.net/hibernate-configuration-3.0.dtd">
<hibernate-configuration>
    <session-factory>
        <!-- https://remotemysql.com/phpmyadmin-->
        <property name="hibernate.connection.driver_class">com.mysql.jdbc.Driver</property>
        <property name="hibernate.connection.url">jdbc:mysql://remotemysql.com:3306/eFjoFAHZ5U</property>
        <property name="hibernate.connection.username">eFjoFAHZ5U</property>
        <property name="hibernate.connection.password">MOSKRdAXSt</property>
        <property name="hibernate.dialect">org.hibernate.dialect.MySQLDialect</property>
        <property name="hibernate.hbm2ddl.auto">update</property>
        <property name="show_sql">true</property>
    </session-factory>
</hibernate-configuration>